<?xml version="1.0" encoding="utf-8"?>
<resources>
<string name="GPLUG_AIM_ASSIST">Aim Assist</string>
<string name="GPLUG_AIM_ASSIST_TURNED_OFF">Aim Assist turned off</string>
<string name="GPLUG_AIM_ASSIST_TURNED_ON">Aim Assist turned on</string>
<string name="GPLUG_COLOR">Color</string>
<string name="GPLUG_DENY">Deny</string>
<string name="GPLUG_EDIT">EDIT</string>
<string name="GPLUG_FOR_NORMAL_WORK__AIM_ASSIST_NEEDS_DRAW_OVER_OTHER_APPS_PERMISSION__OPEN_SETTINGS_TO_ALLOW_QUESTION">For normal work, Aim Assist needs draw over other apps permission, open settings to allow?</string>
<string name="GPLUG_HIDE">HIDE</string>
<string name="GPLUG_OFF">Off</string>
<string name="GPLUG_ON">On</string>
<string name="GPLUG_OPEN_SOURCE_LICENCES">Open source licences</string>
<string name="GPLUG_SETTINGS">Settings</string>
<string name="GPLUG_SET_AIM_ASSIST">Set Aim Assist</string>
<string name="GPLUG_SET_AIM_FOR_SHOOTING_GAME">Set Aim for shooting game</string>
<string name="GPLUG_SHOW">SHOW</string>
<string name="GPLUG_SIZE">Size</string>
<string name="GPLUG_SKIP">Skip</string>
<string name="GPLUG_START">Start</string>
<string name="GPLUG_TIPS">Tips</string>
<string name="GPLUG_TURN_ON_THE_SIGHT">Turn on the sight</string>
<string name="GPLUG_WATCH_INTRODUCTION_VIDEO">Watch introduction video</string>
<string name="GPLUG_WRITE_A_FEEDBACK">Write a feedback</string>
<string name="abc_action_bar_home_description">Navigate home</string>
<string name="abc_action_bar_up_description">Navigate up</string>
<string name="abc_action_menu_overflow_description">More options</string>
<string name="abc_action_mode_done">Done</string>
<string name="abc_activity_chooser_view_see_all">See all</string>
<string name="abc_activitychooserview_choose_application">Choose an app</string>
<string name="abc_capital_off">ON</string>
<string name="abc_capital_on">ON</string>
<string name="abc_menu_alt_shortcut_label">Alt+</string>
<string name="abc_menu_ctrl_shortcut_label">Ctrl+</string>
<string name="abc_menu_delete_shortcut_label">delete</string>
<string name="abc_menu_enter_shortcut_label">enter</string>
<string name="abc_menu_function_shortcut_label">Function+</string>
<string name="abc_menu_meta_shortcut_label">Meta+</string>
<string name="abc_menu_shift_shortcut_label">Shift+</string>
<string name="abc_menu_space_shortcut_label">space</string>
<string name="abc_menu_sym_shortcut_label">Sym+</string>
<string name="abc_prepend_shortcut_label">Menu+</string>
<string name="abc_search_hint">Search…</string>
<string name="abc_searchview_description_clear">Clear query</string>
<string name="abc_searchview_description_query">Search query</string>
<string name="abc_searchview_description_search">Search</string>
<string name="abc_searchview_description_submit">Submit query</string>
<string name="abc_searchview_description_voice">Voice search</string>
<string name="abc_shareactionprovider_share_with">Share with</string>
<string name="abc_shareactionprovider_share_with_application">Share with %s</string>
<string name="abc_toolbar_collapse_description">Collapse</string>
<string name="activity_setting_intro_video">@string/GPLUG_WATCH_INTRODUCTION_VIDEO</string>
<string name="activity_setting_leave_feedback">@string/GPLUG_WRITE_A_FEEDBACK</string>
<string name="activity_setting_open_source_licence">@string/GPLUG_OPEN_SOURCE_LICENCES</string>
<string name="app_name">@string/GPLUG_AIM_ASSIST</string>
<string name="edit_mode_color">@string/GPLUG_COLOR</string>
<string name="edit_mode_title">@string/GPLUG_SET_AIM_ASSIST</string>
<string name="notification_cmd_hide">@string/GPLUG_HIDE</string>
<string name="notification_cmd_show">@string/GPLUG_SHOW</string>
<string name="notification_off_state">@string/GPLUG_AIM_ASSIST_TURNED_OFF</string>
<string name="notification_on_state">@string/GPLUG_AIM_ASSIST_TURNED_ON</string>
<string name="notification_setting">@string/GPLUG_EDIT</string>
<string name="plugin_detail">@string/GPLUG_SET_AIM_FOR_SHOOTING_GAME</string>
<string name="plugin_permission_cancel">@string/GPLUG_DENY</string>
<string name="plugin_permission_confirm">@string/GPLUG_SETTINGS</string>
<string name="plugin_permission_content">@string/GPLUG_FOR_NORMAL_WORK__AIM_ASSIST_NEEDS_DRAW_OVER_OTHER_APPS_PERMISSION__OPEN_SETTINGS_TO_ALLOW_QUESTION</string>
<string name="plugin_status_txt_off">@string/GPLUG_OFF</string>
<string name="plugin_status_txt_on">@string/GPLUG_ON</string>
<string name="search_menu_title">Search</string>
<string name="sight_on">@string/GPLUG_TURN_ON_THE_SIGHT</string>
<string name="sight_size">@string/GPLUG_SIZE</string>
<string name="status_bar_notification_info_overflow">999+</string>
<string name="welcome_video_skip">@string/GPLUG_SKIP</string>
<string name="welcome_video_start">@string/GPLUG_START</string>
</resources>

@PTG_CONFIGS